{
  "thresholds": {
    "delivery_shipping": 0.6000000000000002,
    "redemption_activation": 0.5500000000000002,
    "product_quality": 0.6000000000000002,
    "customer_service": 0.8000000000000002,
    "refund_return": 0.5000000000000001,
    "usability": 0.5500000000000002,
    "value_price": 0.6500000000000001,
    "fraud_scam": 0.30000000000000004,
    "other": 0.1
  },
  "cleaning": {
    "enable_abbrev_norm": false,
    "enable_negation": true,
    "negation_window": 3
  }
}