model_a,model_b,metric_a_recall_0,metric_b_recall_0,metric_a_f2_0,metric_b_f2_0,diff_recall_0,diff_recall_0_ci_low_95,diff_recall_0_ci_high_95,diff_f2_0,diff_f2_0_ci_low_95,diff_f2_0_ci_high_95,n01,n10,chi2_cc,p_value,significant_0_05,bootstrap_iters
classic_main,multinomial_nb,0.9316901408450704,0.8686619718309859,0.8666317306432595,0.8262995712754555,0.06302816901408448,0.05398215199432747,0.07342860014615746,0.04033215936780399,0.03199090896033627,0.04817639773094125,497,477,0.37063655030800824,0.5426574980046568,0,200
classic_main,linear_svm,0.9316901408450704,0.846830985915493,0.8666317306432595,0.8165829145728644,0.08485915492957741,0.07353347110741373,0.09468742717110963,0.05004881607039513,0.0407096307023255,0.0588448357335262,442,500,3.449044585987261,0.06328834341316014,0,200
