model,accuracy,f1,precision_0,recall_0,f1_0,f2_0,precision_1,recall_1,f1_1
classic_main,0.9512538554378437,0.9725193725193725,0.6774193548387096,0.9316901408450704,0.7844648680699674,0.8666317306432595,0.992516009567163,0.9533125833703868,0.9725193725193725
multinomial_nb,0.9505833445085154,0.9723182091346154,0.6914237668161435,0.8686619718309859,0.7699750312109863,0.8262995712754555,0.9857958872810358,0.9592040907069809,0.9723182091346154
linear_svm,0.9531983371328953,0.9738821328344247,0.7144979203802734,0.846830985915493,0.7750563970351273,0.8165829145728644,0.9835613332325599,0.9643915814436046,0.9738821328344247
