model,recall_0,precision_0,f2_0
logreg_l2,0.9133802816901408,0.7029810298102981,0.8617940199335549
multinomial_nb,0.9126760563380282,0.6332763254336672,0.8386721025043681
complement_nb,0.952112676056338,0.5095157339363106,0.8111837763244735
perceptron,0.828169014084507,0.6837209302325581,0.7945945945945946
linear_svm,0.8471830985915493,0.7885939036381514,0.8347789882728471
sgd_log_loss,0.9214788732394367,0.6163447951012718,0.8384595668332693
svd_semantic_logreg,0.9197183098591549,0.50143981570359,0.788218963123906
ffnn_mlp_svd,0.7295774647887324,0.7987663839629915,0.7424394438870575
