model,recall_0,precision_0,f2_0
logreg_l2,0.9056338028169014,0.6994832744084851,0.8552237813393629
multinomial_nb,0.8947183098591549,0.662754303599374,0.8361853363169672
complement_nb,0.9411971830985916,0.5306730196545563,0.8150881258766848
perceptron,0.8422535211267606,0.6859764840837396,0.805549942749377
linear_svm,0.829225352112676,0.7950708980418636,0.8221617092584834
sgd_log_loss,0.9151408450704225,0.6176330798479087,0.8347250770811921
svd_semantic_logreg,0.9109154929577464,0.5048790007806401,0.7847003154574133
ffnn_mlp_svd,0.7190140845070423,0.7961013645224172,0.733213644524237
