variant,k,class_weight,threshold_low,threshold_high,fallback_rate,coverage,uncertain_rate,selective_precision_0,selective_recall_0,selective_f2_0,fnr_covered_0
V6,10000,w10,0.4,0.6,0.08579187340753654,0.8855102588172187,0.11448974118278132,0.7312750142938822,0.9541215964192465,0.8993109267332302,0.04587840358075345
