k,class_weight,positive_frac,negative_frac,uncertain_rate
10000,w10,0.2552736166309997,0.5909507795781107,0.15377560379088964
