dataset,total,fallback_count,fallback_rate,too_short,sparse_vector
test,29828,2640,0.08850744267131554,2550,90
three_star,3271,197,0.060226230510547235,194,3
