k,class_weight,positive_frac,negative_frac,uncertain_rate
10000,w10,0.2546621828187099,0.5888107612350963,0.15652705594619382
